{"transform": {"input_camera_1": [[1.0, 0.0, 0.0, 3.125], [0.0, 1.0, 0.0, -0.0], [0.0, 0.0, 1.0, 1.0], [0.0, 0.0, 0.0, 1.0]], "input_camera_2": [[0.5000000000000001, 0.8660254037844386, 0.0, 1.5625], [-0.8660254037844386, 0.5000000000000001, -0.0, -2.511473798751831], [-0.0, 0.0, 1.0, 1.0], [0.0, 0.0, 0.0, 1.0]], "input_camera_3": [[-0.4999999999999998, 0.8660254037844388, 0.0, -1.5625], [-0.8660254037844388, -0.4999999999999998, -0.0, -2.511473798751831], [-0.0, 0.0, 1.0, 1.0], [0.0, 0.0, 0.0, 1.0]], "input_camera_4": [[-1.0, 1.2246467991473532e-16, 0.0, -3.125], [-1.2246467991473532e-16, -1.0, -0.0, -3.551475718972265e-16], [-0.0, 0.0, 1.0, 1.0], [0.0, 0.0, 0.0, 1.0]], "input_camera_5": [[-0.5000000000000007, -0.8660254037844385, -0.0, -1.5625], [0.8660254037844385, -0.5000000000000007, 0.0, 2.511473798751831], [0.0, -0.0, 1.0, 1.0], [0.0, 0.0, 0.0, 1.0]], "input_camera_6": [[0.5000000000000001, -0.8660254037844386, -0.0, 1.5625], [0.8660254037844386, 0.5000000000000001, 0.0, 2.511473798751831], [0.0, -0.0, 1.0, 1.0], [0.0, 0.0, 0.0, 1.0]]}, "fov": 90, "img_size": [1600, 928]}